상권_코드_명,서비스_업종_코드_명,분기당_매출_금액,분기당_매출_건수,월요일_매출_비율,화요일_매출_비율,수요일_매출_비율,목요일_매출_비율,금요일_매출_비율,토요일_매출_비율,일요일_매출_비율,시간대_00~06_매출_비율,시간대_06~11_매출_비율,시간대_11~14_매출_비율,시간대_14~17_매출_비율,시간대_17~21_매출_비율,시간대_21~24_매출_비율,남성_매출_비율,여성_매출_비율,연령대_10_매출_비율,연령대_20_매출_비율,연령대_30_매출_비율
공릉동 국수거리,한식음식점,8466933897,273671,13,13,13,13,16,19,15,0,2,19,13,55,10,64,36,0,11,18
공릉동 국수거리,중식음식점,362971950,17919,13,16,16,14,14,16,11,0,0,46,17,36,1,68,32,0,11,21
공릉동 국수거리,일식음식점,165879127,3816,13,16,17,15,21,16,3,1,0,26,8,50,16,61,39,0,16,24
공릉동 국수거리,양식음식점,138237410,7856,15,15,17,14,12,13,14,0,1,47,18,33,1,61,39,1,16,25
공릉동 국수거리,제과점,286257390,33397,13,16,15,12,14,18,13,0,11,24,27,34,5,43,57,1,16,21
공릉동 국수거리,패스트푸드점,175420880,9745,10,13,11,11,17,20,18,0,2,20,19,50,9,55,45,1,12,18
공릉동 국수거리,치킨전문점,269571756,14369,8,13,14,13,17,20,15,2,1,6,10,57,26,63,37,1,17,17
공릉동 국수거리,분식전문점,393573941,41478,13,12,16,14,13,18,15,0,9,32,24,32,4,53,47,0,15,19
공릉동 국수거리,호프-간이주점,615790753,20666,12,17,20,15,15,16,5,1,0,4,2,46,46,72,29,0,16,12
공릉동 국수거리,커피-음료,752582462,112549,13,15,15,14,15,16,14,0,11,29,31,25,4,48,52,1,30,24
공릉동 국수거리,일반교습학원,196011476,787,31,32,20,6,8,3,0,0,2,12,29,50,6,46,54,0,0,1
공릉동 국수거리,외국어학원,252381905,669,22,20,16,18,17,6,2,0,13,15,38,33,1,42,58,2,1,21
공릉동 국수거리,예술학원,222050044,960,15,10,16,21,10,28,0,0,13,14,35,38,0,27,73,0,0,25
공릉동 국수거리,스포츠 강습,173234510,659,39,26,14,11,6,2,2,0,1,17,16,51,16,37,63,0,8,42
공릉동 국수거리,일반의원,2733501157,123681,19,19,16,13,17,15,0,0,21,37,30,12,0,51,50,0,9,14
공릉동 국수거리,치과의원,1773135548,14359,23,20,16,18,12,10,2,0,19,36,28,17,0,56,44,0,6,13
공릉동 국수거리,한의원,619987384,20919,20,18,15,12,15,16,3,0,10,33,32,25,0,48,52,0,2,8
공릉동 국수거리,당구장,90186187,5432,12,14,14,12,11,20,17,0,0,4,18,50,27,81,19,0,5,17
공릉동 국수거리,골프연습장,121387069,2925,27,16,14,6,9,12,16,2,3,8,22,36,28,75,25,0,0,8
공릉동 국수거리,PC방,26280418,7268,11,10,8,10,13,27,21,5,5,16,39,26,10,89,11,1,63,15
공릉동 국수거리,스포츠클럽,171784392,1336,24,16,29,10,5,10,5,0,13,20,7,52,8,39,61,0,30,24
공릉동 국수거리,자동차수리,519466798,4022,19,20,15,11,15,19,2,0,9,29,41,18,3,74,26,0,3,18
공릉동 국수거리,자동차미용,39422012,916,11,11,18,11,17,19,13,0,15,27,42,16,0,78,22,0,2,10
공릉동 국수거리,미용실,472259134,15412,10,9,13,12,17,21,18,0,2,24,35,38,1,40,60,1,13,24
공릉동 국수거리,네일숍,38593528,244,70,3,2,0,25,0,0,0,0,1,1,98,0,1,99,0,2,72
공릉동 국수거리,피부관리실,22328539,123,0,24,34,35,5,2,0,0,0,18,26,56,0,0,100,0,6,5
공릉동 국수거리,세탁소,386093248,21173,13,13,15,15,9,36,0,0,33,19,25,24,0,30,70,0,9,18
공릉동 국수거리,가전제품수리,222500052,5353,14,14,32,25,15,0,0,0,32,42,25,1,0,100,0,0,0,36
공릉동 국수거리,여관,467646197,10308,10,11,13,10,18,25,14,12,4,9,9,30,37,77,24,1,28,18
공릉동 국수거리,노래방,144836038,1270,22,12,17,14,15,12,10,7,0,0,0,48,45,93,7,0,4,5
공릉동 국수거리,슈퍼마켓,4709625056,351375,15,14,15,13,15,16,12,2,7,17,24,38,12,47,53,0,10,16
공릉동 국수거리,편의점,3115100063,475541,14,15,15,13,16,15,13,8,15,12,13,30,22,67,33,1,23,28
공릉동 국수거리,컴퓨터및주변장치판매,350261013,1440,0,93,7,0,0,0,0,0,0,3,3,94,0,100,0,0,0,0
공릉동 국수거리,핸드폰,1760287743,9356,5,14,20,17,19,5,19,0,0,26,44,28,2,32,68,0,19,18
공릉동 국수거리,육류판매,1045875350,40284,12,15,14,13,17,18,12,0,10,25,35,30,1,41,59,0,4,9
공릉동 국수거리,수산물판매,111860400,6329,10,14,9,14,14,28,11,0,13,28,35,25,0,32,68,0,3,5
공릉동 국수거리,청과상,446340356,26015,10,13,17,13,20,16,11,0,11,22,40,25,1,42,58,0,7,16
공릉동 국수거리,반찬가게,3270779368,270578,9,8,14,16,12,22,19,0,8,19,36,37,0,45,55,0,5,11
공릉동 국수거리,일반의류,797920536,12448,12,16,16,15,10,19,12,0,1,26,44,29,0,21,79,0,5,9
공릉동 국수거리,신발,24713792,1005,7,20,18,14,10,14,17,0,7,29,27,37,1,37,63,0,3,11
공릉동 국수거리,안경,209956142,2675,19,12,16,10,14,19,11,0,2,24,35,38,1,44,56,1,14,18
공릉동 국수거리,시계및귀금속,81160306,357,11,16,21,17,15,21,0,0,0,21,58,22,0,22,78,0,0,4
공릉동 국수거리,의약품,4296971213,304868,21,16,17,15,17,13,1,0,19,29,33,19,1,52,48,0,7,13
공릉동 국수거리,의료기기,1476433584,2179,16,20,6,53,4,0,0,0,3,85,8,4,0,94,6,0,1,3
공릉동 국수거리,서적,165309075,1156,16,25,19,31,6,0,3,0,1,34,52,10,3,29,71,0,7,32
공릉동 국수거리,문구,465725527,2419,14,28,17,25,16,0,0,0,11,37,30,23,0,35,65,0,1,2
공릉동 국수거리,화장품,4028630938,22193,27,9,22,16,19,5,3,1,23,24,25,20,8,32,68,0,4,17
공릉동 국수거리,운동/경기용품,7572002,175,0,48,7,7,15,23,0,0,6,61,17,16,0,79,21,0,15,48
공릉동 국수거리,자전거 및 기타운송장비,187813257,1098,7,7,9,23,2,11,42,0,0,40,43,17,0,41,59,0,8,20
공릉동 국수거리,섬유제품,26132875,242,9,0,3,45,36,8,0,0,0,12,7,81,0,37,63,0,3,1
공릉동 국수거리,화초,116361663,4697,14,19,18,7,15,20,8,0,12,29,22,34,3,47,53,2,26,23
공릉동 국수거리,애완동물,34231264,1712,15,13,12,10,13,21,16,0,5,26,40,29,0,37,63,0,7,13
공릉동 국수거리,가구,197037391,403,18,15,17,6,4,30,9,0,3,26,30,34,8,48,52,0,8,13
공릉동 국수거리,가전제품,1343708572,3895,16,9,9,12,9,20,25,0,3,29,40,28,0,50,50,0,7,10
공릉동 국수거리,철물점,1657077152,9498,9,23,21,5,6,29,8,0,7,39,33,21,0,47,53,0,1,13
공릉동 국수거리,인테리어,117165013,2240,8,18,10,9,47,9,0,0,27,50,19,4,0,55,45,0,5,8
공릉동 국수거리,전자상거래업,650649318,850,37,11,18,5,5,10,13,0,0,36,26,37,0,31,69,0,3,0
공릉역 2번,한식음식점,10277983088,388639,12,13,14,13,16,18,15,0,2,20,14,53,11,63,37,0,15,18
공릉역 2번,중식음식점,315117780,14954,13,15,14,13,13,17,14,0,0,45,16,38,0,67,33,0,13,21
공릉역 2번,일식음식점,290689534,10047,14,12,17,15,18,14,10,0,1,40,12,44,3,56,45,1,34,18
공릉역 2번,양식음식점,204756102,12388,14,14,15,14,13,15,15,2,3,36,19,36,4,59,41,2,23,22
공릉역 2번,제과점,975201961,106241,13,13,15,13,16,15,15,0,12,18,22,37,11,45,55,1,18,21
공릉역 2번,패스트푸드점,321024257,27998,11,15,14,13,15,16,15,0,7,29,20,39,5,53,47,2,29,18
공릉역 2번,치킨전문점,577308291,32138,11,13,13,13,16,18,15,3,0,4,9,55,28,62,38,1,22,17
공릉역 2번,분식전문점,1135001048,88174,12,13,13,14,16,17,15,0,4,22,15,49,11,54,46,1,23,24
공릉역 2번,호프-간이주점,766081158,21839,11,16,18,14,16,17,9,1,0,3,2,50,44,68,32,1,28,13
공릉역 2번,커피-음료,1312761273,171106,12,13,14,13,15,18,16,0,4,25,35,32,5,43,57,2,44,18
공릉역 2번,일반교습학원,532663359,1499,22,18,17,16,17,10,0,1,4,6,39,47,4,57,43,0,0,3
공릉역 2번,외국어학원,376143742,1432,16,18,15,15,20,10,7,2,3,7,39,47,2,53,47,1,1,16
공릉역 2번,예술학원,198702427,1087,11,32,13,25,10,10,0,0,0,6,52,43,0,42,58,4,15,17
공릉역 2번,스포츠 강습,56094758,288,24,10,29,23,13,0,0,0,4,8,15,64,9,44,56,0,3,14
공릉역 2번,일반의원,2774580021,127205,20,19,17,12,18,14,1,0,22,36,28,14,0,43,57,0,7,14
공릉역 2번,치과의원,1836759598,15061,19,21,20,18,16,7,0,0,21,31,30,18,0,52,48,0,5,14
공릉역 2번,한의원,436438086,13106,25,15,13,15,16,17,0,0,8,35,27,31,0,38,62,0,5,13
공릉역 2번,당구장,26070124,2037,18,11,12,10,10,21,19,0,0,3,19,54,24,96,4,1,12,7
공릉역 2번,골프연습장,43119839,1156,33,7,15,8,7,16,15,0,5,12,35,43,5,96,4,0,1,4
공릉역 2번,PC방,617246957,127973,11,11,9,12,17,23,17,11,5,13,28,29,15,91,9,2,71,18
공릉역 2번,스포츠클럽,5746568,10,0,0,0,0,40,0,60,0,0,0,60,40,0,40,60,0,100,0
공릉역 2번,자동차수리,421805922,3336,19,20,13,11,17,19,1,0,9,30,39,19,4,76,24,0,4,19
공릉역 2번,자동차미용,39422012,916,11,11,18,11,17,19,13,0,15,27,42,16,0,78,22,0,2,10
공릉역 2번,미용실,573263292,19936,10,11,13,12,16,23,16,0,2,23,36,38,2,42,58,1,15,22
공릉역 2번,네일숍,15511973,95,3,0,0,35,26,36,0,0,0,29,25,45,0,0,100,0,0,0
공릉역 2번,피부관리실,39406097,156,0,13,29,40,3,15,0,0,0,19,15,54,12,9,91,0,23,17
공릉역 2번,세탁소,365471214,20187,12,13,15,15,9,36,0,0,33,19,25,23,0,30,70,0,9,18
공릉역 2번,가전제품수리,222500052,5353,14,14,32,25,15,0,0,0,32,42,25,1,0,100,0,0,0,36
공릉역 2번,여관,190504641,4114,11,11,15,12,16,25,10,13,3,9,8,34,33,73,27,2,29,12
공릉역 2번,고시원,14190328,71,0,0,0,0,0,0,100,0,0,0,0,100,0,100,0,0,0,0
공릉역 2번,노래방,181712833,3392,18,10,15,17,18,13,10,8,1,0,2,49,39,90,10,2,12,9
공릉역 2번,슈퍼마켓,3114506702,218872,13,13,16,13,15,16,14,3,8,17,24,39,10,51,49,0,12,18
공릉역 2번,편의점,3120408608,482249,13,14,14,13,16,16,14,12,14,11,12,29,23,71,30,1,32,26
공릉역 2번,핸드폰,199827334,2039,0,35,29,0,1,35,0,0,0,3,62,36,0,5,96,0,0,28
공릉역 2번,육류판매,1712989474,52958,14,22,13,12,15,17,8,0,14,27,34,25,1,40,60,0,4,13
공릉역 2번,수산물판매,186465617,9371,9,13,12,15,15,24,12,0,9,23,31,33,4,39,61,0,6,8
공릉역 2번,청과상,544803498,31600,12,13,16,15,18,15,11,0,10,25,39,25,1,38,62,0,6,14
공릉역 2번,반찬가게,4971714217,313859,9,14,14,16,16,17,15,0,8,22,41,28,1,45,55,0,2,8
공릉역 2번,일반의류,720879500,8818,13,17,14,16,12,16,13,0,1,26,46,26,1,21,79,0,4,7
공릉역 2번,신발,25463598,1030,8,21,17,14,10,14,16,0,6,29,28,36,1,39,61,0,4,11
공릉역 2번,안경,231089453,3042,19,13,11,13,13,22,10,0,2,26,31,40,1,49,51,1,18,14
공릉역 2번,시계및귀금속,119207807,397,8,16,17,10,34,16,0,0,0,21,63,17,0,22,78,0,2,1
공릉역 2번,의약품,1863352871,161215,18,17,15,16,16,14,5,0,18,26,29,25,2,53,47,0,6,14
공릉역 2번,의료기기,84095208,366,10,37,15,19,19,1,0,0,23,21,49,7,0,70,30,0,1,1
공릉역 2번,문구,382393846,4881,10,23,16,32,14,5,1,0,10,20,39,31,0,19,81,1,4,7
공릉역 2번,화장품,4389944520,22691,26,9,22,15,20,5,3,1,22,24,26,20,8,30,70,0,4,17
공릉역 2번,섬유제품,11430199,134,0,0,0,100,0,0,0,0,0,0,0,100,0,0,100,0,0,0
공릉역 2번,화초,172867727,7349,17,17,18,7,15,17,8,0,15,25,24,34,1,46,54,1,23,24
공릉역 2번,애완동물,31231264,1652,15,13,12,10,13,19,18,0,5,25,40,30,0,34,66,0,8,14
공릉역 2번,가구,197037391,403,18,15,17,6,4,30,9,0,3,26,30,34,8,48,52,0,8,13
공릉역 2번,가전제품,1343708572,3895,16,9,9,12,9,20,25,0,3,29,40,28,0,50,50,0,7,10
공릉역 2번,철물점,126912958,6745,9,21,23,13,19,10,5,5,16,32,20,24,3,69,32,0,7,16
공릉역 2번,인테리어,267084279,5639,11,12,18,11,30,18,0,0,29,41,22,8,0,63,37,0,4,5
공릉역 2번,조명용품,8549890,444,43,0,21,22,0,14,0,0,0,26,14,60,0,70,31,0,0,62
서울과학기술대,한식음식점,2836158381,143381,14,15,15,13,15,14,15,1,3,29,13,45,10,62,39,1,24,18
서울과학기술대,중식음식점,136115567,6742,13,13,13,14,15,18,14,0,1,41,14,41,3,59,41,1,23,16
서울과학기술대,일식음식점,180787511,5717,13,15,18,13,17,13,11,0,1,41,13,42,3,55,45,1,33,20
서울과학기술대,양식음식점,131341531,4520,13,12,12,13,13,17,20,0,0,35,23,40,3,54,46,2,32,17
서울과학기술대,제과점,512546802,53869,12,13,15,13,17,15,16,0,10,16,20,40,14,46,54,1,23,21
서울과학기술대,패스트푸드점,649196808,54379,13,13,15,13,15,16,15,0,6,31,21,37,6,53,47,2,35,19
서울과학기술대,치킨전문점,327756972,16700,11,13,11,14,18,18,15,4,0,2,8,54,31,60,40,2,24,14
서울과학기술대,분식전문점,353053630,26461,9,10,16,13,14,17,21,1,1,27,26,41,5,44,56,1,23,18
서울과학기술대,호프-간이주점,337792993,9058,14,13,14,10,17,20,12,1,0,1,2,56,40,61,39,3,59,14
서울과학기술대,커피-음료,993503235,135511,12,13,13,12,15,18,17,0,4,27,35,31,4,40,60,2,50,17
서울과학기술대,일반교습학원,41912701,206,36,0,12,12,27,14,0,14,0,0,34,27,25,9,91,0,0,0
서울과학기술대,예술학원,135688892,816,12,43,5,18,8,14,0,0,0,0,59,41,0,40,60,6,22,13
서울과학기술대,스포츠 강습,67457300,351,23,15,16,8,37,0,0,0,2,0,23,71,5,27,73,0,0,34
서울과학기술대,일반의원,289118552,23844,19,19,19,15,13,16,0,0,25,34,32,10,0,49,52,0,12,10
서울과학기술대,치과의원,705380617,5359,17,15,23,19,19,7,0,0,21,23,34,22,0,55,45,0,7,15
서울과학기술대,당구장,62225810,3698,18,20,12,9,13,14,13,0,1,7,25,52,14,91,9,1,12,5
서울과학기술대,PC방,187369657,38847,13,10,12,12,13,20,19,11,5,14,25,30,15,85,15,3,70,11
서울과학기술대,자동차수리,71043859,603,11,17,26,13,16,16,2,0,5,22,40,33,0,71,29,0,7,9
서울과학기술대,자동차미용,24123220,738,15,16,14,9,11,19,17,0,18,31,41,9,0,77,23,0,3,12
서울과학기술대,미용실,87073189,3576,11,14,16,10,16,19,14,0,2,32,26,38,1,39,61,0,16,10
서울과학기술대,네일숍,3734891,30,11,0,0,7,40,43,0,0,0,17,0,83,0,0,100,0,0,0
서울과학기술대,피부관리실,7077558,21,0,0,55,46,0,0,0,0,0,50,0,50,0,50,50,0,46,0
서울과학기술대,고시원,14190328,71,0,0,0,0,0,0,100,0,0,0,0,100,0,100,0,0,0,0
서울과학기술대,노래방,51240362,4133,13,7,11,16,10,19,23,8,0,2,12,61,18,80,20,9,36,20
서울과학기술대,슈퍼마켓,192891096,33406,14,13,15,17,20,12,9,3,6,11,8,36,36,79,21,9,28,28
서울과학기술대,편의점,1146501943,226870,14,16,16,14,16,13,12,8,15,17,14,27,20,68,32,2,41,21
서울과학기술대,핸드폰,187292,268,100,0,0,0,0,0,0,0,0,0,100,0,0,0,100,0,100,0
서울과학기술대,육류판매,58817016,2331,13,15,20,12,9,16,14,0,9,25,30,36,0,52,48,0,3,16
서울과학기술대,수산물판매,40104344,887,0,10,15,15,24,21,16,0,0,2,11,68,20,63,37,0,21,18
서울과학기술대,일반의류,14936838,151,8,0,13,0,44,3,33,0,0,0,53,13,34,0,100,0,10,14
서울과학기술대,안경,127776433,1564,16,17,6,15,13,23,11,0,2,28,34,35,1,57,43,1,16,12
서울과학기술대,문구,209267490,6816,12,13,25,16,18,15,1,0,18,16,34,32,0,38,62,2,15,9
서울과학기술대,화장품,37024509,1519,14,11,13,18,21,17,7,0,0,23,30,47,0,18,83,0,43,3
서울과학기술대,섬유제품,11430199,134,0,0,0,100,0,0,0,0,0,0,0,100,0,0,100,0,0,0
서울과학기술대,화초,37752097,1470,32,19,10,6,15,10,8,0,29,24,23,24,0,46,54,0,16,34
서울과학기술대,철물점,49335170,1803,8,17,15,12,28,12,8,13,0,35,16,28,8,49,51,0,9,26
서울과학기술대,인테리어,115261323,215,1,13,1,1,29,55,0,0,0,30,70,0,0,99,1,0,0,55
공릉동 국수거리,한식음식점,11485596611,372924,12,13,13,12,16,18,15,0,3,20,12,49,16,62,38,0,12,18
공릉동 국수거리,중식음식점,347445482,18143,13,15,15,15,16,15,10,0,0,46,14,37,3,66,34,1,12,20
공릉동 국수거리,일식음식점,218667521,4867,15,16,16,20,17,17,0,0,0,23,7,47,23,60,40,0,17,23
공릉동 국수거리,양식음식점,158093427,8763,13,16,18,14,13,11,16,0,1,47,15,36,1,59,41,1,17,26
공릉동 국수거리,제과점,267834233,31624,15,13,14,14,17,16,10,0,12,21,24,36,7,43,57,1,16,22
공릉동 국수거리,패스트푸드점,154600947,9126,10,12,12,11,17,21,18,1,2,21,18,49,10,54,46,0,11,19
공릉동 국수거리,치킨전문점,322128422,15642,10,13,12,13,18,20,14,1,0,5,7,53,33,61,39,1,14,20
공릉동 국수거리,분식전문점,497547727,49046,12,12,16,14,16,16,14,0,10,33,17,32,9,53,47,1,20,20
공릉동 국수거리,호프-간이주점,731797806,23838,14,15,15,16,18,15,8,1,0,5,3,32,59,70,31,1,19,14
공릉동 국수거리,커피-음료,860898501,127053,13,13,15,14,14,18,14,0,13,27,29,26,4,44,56,2,31,21
공릉동 국수거리,일반교습학원,275655887,1051,41,6,17,5,24,7,1,0,3,5,26,53,12,45,55,0,0,2
공릉동 국수거리,외국어학원,265131632,773,18,21,17,19,17,8,1,0,26,6,23,43,1,39,61,2,0,16
공릉동 국수거리,예술학원,231157429,1162,17,15,10,20,13,25,0,0,13,8,39,40,0,30,70,0,2,24
공릉동 국수거리,스포츠 강습,209783188,767,17,21,17,10,15,8,13,0,4,12,28,48,9,41,59,0,11,29
공릉동 국수거리,일반의원,2940507217,138467,20,16,14,15,20,15,0,0,21,37,28,15,0,45,55,0,8,16
공릉동 국수거리,치과의원,1717458667,14312,20,22,12,16,19,9,2,0,12,30,39,20,0,49,51,1,7,11
공릉동 국수거리,한의원,499849408,20299,21,15,6,14,15,28,0,0,24,30,26,19,0,38,62,1,3,16
공릉동 국수거리,당구장,103522218,5265,7,11,12,12,18,21,21,0,0,3,17,50,31,67,33,0,4,13
공릉동 국수거리,골프연습장,148031167,2914,14,17,10,10,9,23,16,0,4,15,31,39,11,77,23,0,1,7
공릉동 국수거리,PC방,29380986,7466,15,12,9,10,11,19,24,16,7,8,23,22,26,86,14,2,53,18
공릉동 국수거리,스포츠클럽,237413930,1943,22,11,17,16,24,6,5,0,9,14,15,52,10,42,58,0,48,28
공릉동 국수거리,자동차수리,588367054,4266,15,16,14,17,17,18,3,0,15,24,29,33,0,75,25,0,2,20
공릉동 국수거리,자동차미용,66682890,904,6,4,4,45,12,12,18,0,12,53,21,15,0,84,16,0,8,57
공릉동 국수거리,미용실,518562867,15795,9,9,12,15,16,24,16,0,3,30,32,35,1,47,53,0,12,23
공릉동 국수거리,네일숍,56849061,554,56,3,0,1,7,33,0,0,0,2,26,72,0,1,100,0,0,42
공릉동 국수거리,피부관리실,45058797,333,3,11,33,18,21,11,3,14,18,0,21,5,42,70,30,0,0,37
공릉동 국수거리,세탁소,483868731,25785,14,9,14,7,14,42,1,0,27,20,26,27,0,42,58,0,9,18
공릉동 국수거리,가전제품수리,313891395,5568,12,19,14,11,11,0,34,0,18,59,14,9,0,27,73,0,2,7
공릉동 국수거리,여관,524189141,11540,10,11,11,12,17,25,15,21,3,5,9,24,38,75,25,2,27,23
공릉동 국수거리,고시원,10460048,29,0,0,0,100,0,0,0,0,0,0,0,100,0,0,100,0,100,0
공릉동 국수거리,노래방,136840194,1603,14,9,9,16,24,22,7,5,0,0,1,32,62,79,21,0,4,7
공릉동 국수거리,슈퍼마켓,4447040389,352088,15,14,16,14,15,16,11,2,8,16,22,39,13,46,54,0,9,15
공릉동 국수거리,편의점,3331766538,541292,14,14,14,15,16,14,13,9,17,12,13,27,23,68,32,1,24,26
공릉동 국수거리,컴퓨터및주변장치판매,365915864,2909,26,12,0,50,13,0,0,0,5,46,12,37,0,71,29,0,0,9
공릉동 국수거리,핸드폰,102210809,2872,43,3,4,44,3,0,4,0,1,5,45,49,0,85,15,0,4,5
공릉동 국수거리,육류판매,873636129,36530,13,12,10,14,17,18,16,0,14,22,29,35,1,43,57,0,4,11
공릉동 국수거리,수산물판매,111150039,6046,9,16,10,12,13,29,11,0,20,29,28,23,0,34,66,0,3,7
공릉동 국수거리,청과상,403316612,25363,17,9,18,17,12,16,12,0,12,20,33,34,1,41,59,0,7,13
공릉동 국수거리,반찬가게,3042311233,294964,11,11,13,11,14,18,23,0,8,21,33,37,1,42,58,0,5,16
공릉동 국수거리,일반의류,1046526271,23380,12,13,17,15,16,15,13,0,2,26,35,34,3,14,86,0,7,7
공릉동 국수거리,신발,45175611,1586,18,14,14,12,16,13,14,0,10,24,23,42,1,24,76,0,2,5
공릉동 국수거리,안경,243327693,2770,15,16,14,12,10,21,12,0,8,22,37,32,1,45,55,1,12,18
공릉동 국수거리,시계및귀금속,99390876,357,9,10,26,8,17,26,3,0,1,40,25,35,0,23,77,0,0,8
공릉동 국수거리,의약품,4841636337,350803,21,17,17,15,17,13,1,0,21,27,34,19,0,50,50,0,7,14
공릉동 국수거리,의료기기,1574387186,2342,34,11,27,25,3,0,0,0,4,80,9,8,0,93,7,0,2,2
공릉동 국수거리,서적,115379202,1035,29,13,27,19,13,0,0,0,4,21,66,9,0,21,79,0,4,19
공릉동 국수거리,문구,362470795,2042,9,18,23,22,29,0,0,0,24,36,35,5,0,83,17,0,1,1
공릉동 국수거리,화장품,4760424435,25317,19,15,11,15,22,12,6,0,26,20,35,19,2,30,70,0,3,16
공릉동 국수거리,운동/경기용품,39568005,368,21,2,8,14,16,39,0,0,4,38,32,26,0,84,16,0,9,38
공릉동 국수거리,자전거 및 기타운송장비,335712373,2252,2,8,8,11,51,14,8,0,1,36,21,42,0,77,24,0,5,42
공릉동 국수거리,섬유제품,49060097,324,78,1,5,3,4,10,0,0,44,34,12,10,0,16,84,0,3,2
공릉동 국수거리,화초,160646341,7143,11,7,15,11,20,26,11,0,12,24,26,35,3,51,49,1,25,24
공릉동 국수거리,애완동물,32299311,1817,12,14,13,13,14,19,16,0,7,26,37,30,0,38,62,1,10,12
공릉동 국수거리,가구,265281733,471,0,15,39,3,10,15,19,0,4,35,32,29,0,43,57,0,0,16
공릉동 국수거리,가전제품,1673580158,3751,24,10,9,8,7,19,23,0,4,28,42,26,0,57,43,0,5,24
공릉동 국수거리,철물점,920134143,10234,13,23,15,18,15,13,3,0,9,39,16,36,1,82,18,0,2,28
공릉동 국수거리,인테리어,134861116,2577,20,15,36,7,11,12,0,0,27,34,29,11,0,61,40,0,2,7
공릉동 국수거리,전자상거래업,579472232,789,1,15,31,16,2,3,34,0,0,41,1,59,0,40,60,0,12,1
공릉역 2번,한식음식점,12821188509,481653,12,13,14,13,16,18,14,0,2,21,12,49,16,61,39,1,16,18
공릉역 2번,중식음식점,303045430,15365,13,15,16,11,14,17,15,0,0,45,13,40,1,67,33,1,15,19
공릉역 2번,일식음식점,324125977,12019,15,11,16,16,17,15,11,0,0,36,12,47,5,55,45,1,34,19
공릉역 2번,양식음식점,239433956,13863,13,14,16,13,14,16,14,1,4,36,18,36,5,59,41,1,24,20
공릉역 2번,제과점,968757984,108561,14,13,14,13,16,17,14,0,14,17,19,37,13,44,57,1,19,21
공릉역 2번,패스트푸드점,342247749,31066,11,14,15,14,17,15,15,0,9,28,18,39,6,53,47,1,31,17
공릉역 2번,치킨전문점,667882826,33951,11,13,13,13,17,18,14,3,0,4,8,51,35,61,39,1,20,19
공릉역 2번,분식전문점,1251647863,95015,11,13,15,15,17,17,12,0,5,21,13,44,17,54,46,1,25,22
공릉역 2번,호프-간이주점,990205305,27774,13,14,14,16,17,17,10,1,0,3,2,37,58,62,38,2,34,16
공릉역 2번,커피-음료,1887160327,246854,13,12,15,11,14,17,19,0,4,26,30,34,6,38,62,2,46,21
공릉역 2번,일반교습학원,718401124,2268,28,15,16,11,21,9,1,0,2,7,27,57,7,54,46,0,0,2
공릉역 2번,외국어학원,473514437,1733,17,29,20,11,18,5,2,0,3,5,28,57,7,54,46,1,0,17
공릉역 2번,예술학원,199913923,1337,27,27,10,11,11,15,0,0,0,17,44,40,0,22,78,7,16,15
공릉역 2번,스포츠 강습,61213582,231,20,23,23,32,2,0,0,0,3,14,20,58,6,48,52,0,2,34
공릉역 2번,일반의원,3457739131,164936,21,16,15,17,19,13,1,0,20,32,33,15,0,48,52,0,8,15
공릉역 2번,치과의원,1970652571,15480,21,18,16,18,17,10,0,0,12,38,36,13,0,53,47,0,7,10
공릉역 2번,한의원,373370131,12196,18,14,5,19,18,26,0,0,18,28,31,24,0,44,56,1,3,9
공릉역 2번,당구장,29666014,2251,9,10,14,8,15,19,24,0,0,2,16,52,30,95,5,1,14,2
공릉역 2번,골프연습장,77579427,1368,14,12,13,3,6,33,20,0,7,26,35,29,3,90,10,0,0,5
공릉역 2번,PC방,585938105,132686,11,11,12,9,15,24,18,16,3,10,15,28,28,91,9,2,64,28
공릉역 2번,스포츠클럽,7125744,33,32,25,11,32,0,0,0,0,10,0,65,25,0,68,32,0,46,54
공릉역 2번,자동차수리,445472951,3399,14,17,14,19,16,18,3,0,13,23,30,34,0,76,24,0,2,21
공릉역 2번,자동차미용,41682890,887,10,6,6,12,19,19,29,0,19,25,33,23,0,71,29,0,14,22
공릉역 2번,미용실,689209317,22767,11,9,11,14,12,27,16,0,3,26,32,38,1,47,53,1,18,20
공릉역 2번,네일숍,13466315,87,0,0,19,10,7,64,0,0,0,58,12,30,0,2,99,0,5,12
공릉역 2번,피부관리실,60962526,421,11,8,35,18,16,9,2,11,13,3,25,18,31,67,33,0,7,29
공릉역 2번,세탁소,459985283,24908,14,10,14,7,14,41,1,0,27,19,27,27,0,42,58,0,10,17
공릉역 2번,가전제품수리,313891395,5568,12,19,14,11,11,0,34,0,18,59,14,9,0,27,73,0,2,7
공릉역 2번,여관,201515619,4343,10,13,10,13,19,23,13,18,2,3,11,26,40,78,23,3,25,17
공릉역 2번,노래방,292896802,16267,13,12,13,12,19,20,12,16,0,1,5,37,41,77,23,3,23,9
공릉역 2번,슈퍼마켓,2898230082,218223,13,13,15,13,15,16,15,3,10,16,22,39,11,49,51,0,11,18
공릉역 2번,편의점,3261923175,540735,14,14,14,14,15,15,14,13,15,11,12,26,25,69,31,1,31,24
공릉역 2번,컴퓨터및주변장치판매,65294556,509,0,15,0,61,24,0,0,0,21,61,18,0,0,100,0,0,0,9
공릉역 2번,핸드폰,207772725,4301,22,2,2,22,49,0,3,0,1,2,70,28,0,91,9,0,50,3
공릉역 2번,육류판매,1438188400,49224,12,18,10,14,19,18,9,0,11,21,28,39,1,42,58,0,3,11
공릉역 2번,수산물판매,174078775,8455,6,15,12,13,15,26,15,0,13,23,24,33,6,41,59,0,6,11
공릉역 2번,청과상,459088102,29013,19,9,18,16,12,15,12,0,12,21,33,34,1,39,61,0,6,12
공릉역 2번,반찬가게,3712014708,274967,12,13,13,11,16,16,19,0,11,25,31,33,1,35,65,0,3,13
공릉역 2번,일반의류,837691647,13213,13,14,17,13,17,14,12,0,1,28,36,32,3,14,86,0,4,4
공릉역 2번,신발,45175611,1586,18,14,14,12,16,13,14,0,10,24,23,42,1,24,76,0,2,5
공릉역 2번,안경,235415849,2835,17,18,15,15,11,17,8,0,3,19,36,42,1,50,50,1,13,18
공릉역 2번,시계및귀금속,92913960,382,10,10,24,9,18,25,4,0,0,40,24,35,0,21,79,0,0,9
공릉역 2번,의약품,1971066352,190982,20,16,14,15,17,14,4,0,21,26,28,24,2,49,51,0,8,15
공릉역 2번,의료기기,115279008,397,20,22,20,22,15,1,0,0,21,34,45,0,0,61,39,0,0,3
공릉역 2번,문구,259104718,5226,12,16,18,27,22,4,2,0,9,36,42,13,0,46,54,2,10,18
공릉역 2번,화장품,5046373669,25132,19,15,12,15,22,11,5,0,25,20,34,18,2,29,71,0,3,16
공릉역 2번,화초,283624773,12100,11,10,13,13,22,25,7,0,10,26,24,37,4,47,53,1,22,26
공릉역 2번,애완동물,29299311,1755,12,15,13,11,14,17,18,0,7,24,37,32,0,38,63,1,10,12
공릉역 2번,가구,265281733,471,0,15,39,3,10,15,19,0,4,35,32,29,0,43,57,0,0,16
공릉역 2번,가전제품,1673580158,3751,24,10,9,8,7,19,23,0,4,28,42,26,0,57,43,0,5,24
공릉역 2번,철물점,172199271,9256,11,11,13,14,20,14,17,0,10,35,29,23,3,57,43,1,7,22
공릉역 2번,인테리어,308668648,6970,16,17,23,16,12,15,0,0,38,32,22,8,0,73,27,0,4,7
공릉역 2번,조명용품,15286167,740,36,6,0,7,51,0,0,0,15,29,28,29,0,93,7,0,25,33
공릉역 2번,전자상거래업,17979248,164,6,0,0,42,52,0,0,0,0,52,0,48,0,52,48,0,52,42
서울과학기술대,한식음식점,3934829596,190635,13,14,15,14,15,14,15,0,3,31,11,43,12,60,41,1,22,18
서울과학기술대,중식음식점,140255380,7600,13,12,13,15,18,16,14,0,1,42,13,41,3,57,44,3,25,17
서울과학기술대,일식음식점,199711527,7319,15,13,15,17,17,14,11,0,0,39,10,47,4,55,45,1,33,21
서울과학기술대,양식음식점,159684732,5483,10,11,14,14,14,18,19,0,0,38,21,39,2,54,46,2,30,19
서울과학기술대,제과점,519879294,56877,14,12,13,13,15,18,15,0,11,15,17,40,18,44,57,2,25,20
서울과학기술대,패스트푸드점,781271850,65058,13,14,15,14,15,14,15,0,7,31,19,37,7,52,48,3,33,20
서울과학기술대,치킨전문점,359481354,17256,11,13,12,13,19,18,14,4,0,1,10,51,34,60,40,2,23,15
서울과학기술대,분식전문점,391312291,29455,8,15,14,13,14,15,21,0,1,28,26,40,5,45,55,2,22,16
서울과학기술대,호프-간이주점,553154185,15589,14,14,13,14,15,20,10,1,0,0,2,45,51,59,41,3,58,16
서울과학기술대,커피-음료,1653382624,226559,13,12,15,11,13,17,18,1,4,27,28,33,7,40,60,2,48,20
서울과학기술대,일반교습학원,40260969,232,47,10,28,1,14,0,0,0,0,0,20,80,0,29,71,0,0,0
서울과학기술대,예술학원,140723286,1008,25,32,9,8,7,19,0,0,0,20,38,42,0,20,80,10,22,16
서울과학기술대,스포츠 강습,97885106,408,28,31,21,6,8,6,0,0,1,5,7,81,6,50,51,0,2,33
서울과학기술대,일반의원,415887480,29301,17,15,15,26,16,11,0,0,30,26,31,15,0,56,44,0,9,16
서울과학기술대,치과의원,804314861,5918,23,20,15,15,22,6,0,0,11,36,37,16,0,53,47,0,8,10
서울과학기술대,당구장,88372377,4386,13,9,14,14,16,23,11,0,2,21,16,46,15,92,9,2,12,5
서울과학기술대,PC방,175644355,37708,13,12,11,12,14,20,18,21,5,10,15,28,22,86,14,5,65,19
서울과학기술대,자동차수리,71067106,591,28,19,19,13,6,11,4,0,14,15,36,35,0,66,34,0,6,6
서울과학기술대,자동차미용,20116595,655,14,4,19,7,13,18,25,0,7,44,38,12,0,61,39,0,4,7
서울과학기술대,미용실,105488229,4051,12,10,13,13,11,27,13,0,2,31,23,42,3,38,62,0,12,12
서울과학기술대,네일숍,5814209,30,0,0,0,0,12,88,0,0,0,50,25,25,0,0,100,0,12,25
서울과학기술대,피부관리실,11493954,21,31,0,34,35,0,0,0,0,0,0,31,69,0,65,35,0,35,0
서울과학기술대,노래방,125124132,17547,11,16,12,9,16,20,17,16,0,3,12,51,18,65,35,9,48,14
서울과학기술대,슈퍼마켓,200769336,56319,13,14,12,17,22,13,11,3,11,16,10,27,34,71,29,12,24,19
서울과학기술대,편의점,1379878031,301882,15,15,14,15,15,13,12,10,14,16,14,25,21,66,34,4,41,19
서울과학기술대,핸드폰,8561916,1339,16,22,0,0,31,0,31,0,0,0,22,78,0,53,47,0,22,0
서울과학기술대,육류판매,59595350,2397,9,17,13,12,22,16,11,0,4,19,32,45,0,50,50,0,3,16
서울과학기술대,수산물판매,39606415,927,0,12,15,11,21,22,20,0,0,0,9,65,26,64,36,0,19,27
서울과학기술대,일반의류,31042976,377,21,30,2,20,25,2,0,0,0,0,3,60,38,18,83,5,32,20
서울과학기술대,안경,120421762,1480,20,18,17,10,16,14,6,0,1,16,34,48,0,52,48,2,13,17
서울과학기술대,문구,335165677,10338,16,36,10,13,16,7,2,0,8,48,25,20,0,43,57,3,24,10
서울과학기술대,화장품,41342579,1171,14,11,19,13,15,21,8,0,0,26,26,48,0,15,85,0,48,4
서울과학기술대,화초,69219612,2839,11,12,7,20,23,23,5,0,16,27,25,31,1,40,60,1,17,18
서울과학기술대,철물점,95103067,4196,14,11,9,7,18,13,28,0,0,41,20,34,5,58,43,2,9,24
서울과학기술대,인테리어,102753958,246,30,0,0,0,23,47,0,0,17,30,53,0,0,99,1,0,0,40
공릉동 국수거리,한식음식점,10094430144,370021,13,13,13,14,15,17,16,1,3,23,15,49,10,62,38,0,13,17
공릉동 국수거리,중식음식점,304827683,15854,12,15,13,16,16,16,12,0,0,45,17,37,1,67,33,1,13,18
공릉동 국수거리,일식음식점,218516659,6325,17,15,16,18,16,16,2,0,0,29,9,47,15,60,40,0,20,24
공릉동 국수거리,양식음식점,155204361,8531,16,14,13,16,14,12,14,0,1,49,17,32,1,58,42,1,18,25
공릉동 국수거리,제과점,258975212,30305,12,13,13,16,17,17,12,0,15,21,24,35,5,45,55,1,16,20
공릉동 국수거리,패스트푸드점,156123188,8730,12,10,17,14,15,16,16,1,2,22,18,50,7,49,51,1,13,19
공릉동 국수거리,치킨전문점,270442905,14445,12,13,15,14,16,16,14,3,1,5,10,58,24,67,33,1,15,16
공릉동 국수거리,분식전문점,495161867,47182,14,10,14,15,18,17,13,0,9,32,16,34,8,54,46,1,21,20
공릉동 국수거리,호프-간이주점,533806577,18638,12,13,15,17,15,21,7,1,1,4,4,44,47,72,28,0,16,13
공릉동 국수거리,커피-음료,876245216,127430,14,13,13,19,14,16,13,0,10,30,28,28,5,45,55,1,31,21
공릉동 국수거리,일반교습학원,270322945,1005,24,12,21,17,21,4,0,1,0,5,29,59,6,60,40,0,0,1
공릉동 국수거리,외국어학원,315393921,940,19,20,16,19,22,4,0,0,15,5,33,45,3,46,54,0,0,11
공릉동 국수거리,예술학원,225361153,1046,12,14,14,17,10,28,7,0,12,11,43,33,0,34,66,0,2,24
공릉동 국수거리,스포츠 강습,234478092,637,13,13,31,22,8,13,1,0,5,16,15,48,16,29,71,0,22,36
공릉동 국수거리,일반의원,2895822777,134863,18,14,16,16,19,16,0,0,21,36,29,14,0,47,53,0,12,15
공릉동 국수거리,치과의원,2190359577,15443,18,24,14,16,16,11,0,0,17,33,31,20,0,57,43,0,6,13
공릉동 국수거리,한의원,403950966,21360,13,18,11,20,13,26,0,0,15,41,18,26,0,49,51,2,7,14
공릉동 국수거리,당구장,72505224,5077,15,12,12,8,15,22,16,0,0,4,24,50,22,97,3,1,4,16
공릉동 국수거리,골프연습장,122864936,2562,18,14,6,20,13,12,18,1,5,8,32,43,12,64,36,0,2,8
공릉동 국수거리,PC방,12685046,3348,7,12,9,14,18,25,16,4,2,19,31,39,5,87,13,1,72,4
공릉동 국수거리,스포츠클럽,188919123,1586,16,31,6,19,19,3,6,0,6,14,12,60,8,26,74,0,39,27
공릉동 국수거리,자동차수리,580725467,4165,13,13,23,15,17,17,4,0,13,27,37,23,0,75,25,0,3,18
공릉동 국수거리,자동차미용,30010313,739,12,2,16,12,27,17,14,0,17,23,41,19,0,83,17,0,3,16
공릉동 국수거리,미용실,511292211,15514,12,8,12,15,16,22,15,0,2,26,33,37,2,43,57,1,16,23
공릉동 국수거리,네일숍,40628797,628,25,23,1,37,1,14,0,0,0,2,36,62,0,24,76,0,15,25
공릉동 국수거리,피부관리실,61978149,568,2,5,18,27,15,25,8,33,4,19,7,29,8,68,32,0,0,40
공릉동 국수거리,세탁소,266187167,17345,13,12,10,10,11,44,0,0,35,16,22,27,0,34,66,0,6,24
공릉동 국수거리,가전제품수리,271411516,5283,9,18,23,21,9,0,20,0,34,48,19,0,0,89,11,0,0,9
공릉동 국수거리,여관,522552306,10512,20,10,11,14,11,21,13,16,3,4,9,29,39,72,28,2,28,18
공릉동 국수거리,고시원,23244552,58,56,0,0,44,0,0,0,0,0,56,0,44,0,56,44,0,0,0
공릉동 국수거리,노래방,133381758,1153,24,3,11,17,14,20,11,3,0,0,0,40,57,90,10,0,1,5
공릉동 국수거리,슈퍼마켓,4784996928,361049,15,13,15,15,16,16,11,3,9,17,22,39,10,47,53,0,9,14
공릉동 국수거리,편의점,3516492404,562158,14,14,14,15,16,15,12,8,17,12,13,29,20,68,32,1,24,25
공릉동 국수거리,컴퓨터및주변장치판매,92369676,1200,57,12,0,31,0,0,0,0,0,0,25,75,0,100,0,0,0,19
공릉동 국수거리,핸드폰,144038700,3747,5,4,35,43,3,5,5,0,2,51,29,19,0,45,55,0,30,4
공릉동 국수거리,육류판매,1119792474,36807,11,11,9,13,20,20,16,0,16,22,32,30,0,44,56,0,4,8
공릉동 국수거리,수산물판매,113486874,5670,11,16,7,15,15,20,16,0,14,27,33,27,0,36,64,0,3,7
공릉동 국수거리,청과상,577901001,33456,15,13,10,16,16,16,15,0,14,22,38,26,1,41,59,0,7,9
공릉동 국수거리,반찬가게,3562990058,317300,14,11,9,14,13,21,18,0,13,20,30,37,1,42,58,0,6,19
공릉동 국수거리,일반의류,597984744,14240,12,13,16,18,14,18,9,0,3,25,36,33,2,19,81,0,5,5
공릉동 국수거리,신발,38131255,1537,14,12,10,19,12,19,15,0,10,23,32,34,1,42,58,0,6,3
공릉동 국수거리,안경,271372419,2943,11,16,15,15,15,18,11,0,5,27,34,34,1,56,44,1,13,23
공릉동 국수거리,시계및귀금속,39142843,300,19,8,5,8,30,29,0,0,7,32,49,12,0,21,79,0,0,2
공릉동 국수거리,의약품,5004156867,355513,19,15,15,16,22,13,1,0,23,29,30,19,0,48,52,0,9,14
공릉동 국수거리,의료기기,1060152912,2947,17,5,45,23,5,5,0,0,3,66,25,7,0,74,26,0,3,3
공릉동 국수거리,서적,124223954,1120,17,21,12,35,15,0,0,0,7,29,51,13,0,29,71,0,3,25
공릉동 국수거리,문구,542141696,2442,15,10,32,13,21,10,0,0,9,25,32,34,0,89,11,0,1,2
공릉동 국수거리,화장품,6657899169,30966,14,8,15,28,16,4,17,0,28,34,20,11,7,33,67,0,3,18
공릉동 국수거리,운동/경기용품,49045147,477,7,21,34,1,14,23,0,0,4,66,22,7,0,82,18,0,25,6
공릉동 국수거리,자전거 및 기타운송장비,242681299,2098,2,14,12,11,12,31,17,0,0,29,27,44,0,92,8,0,22,17
공릉동 국수거리,섬유제품,56223294,325,2,7,6,6,75,5,0,0,1,9,85,5,0,10,90,0,0,10
공릉동 국수거리,화초,108545807,4528,11,14,20,22,13,13,8,0,16,27,28,29,1,42,58,0,29,16
공릉동 국수거리,애완동물,33616950,1829,19,9,11,13,13,19,16,0,6,30,32,33,0,47,53,0,11,14
공릉동 국수거리,가구,223283410,515,2,9,8,10,23,23,26,0,1,41,26,33,0,36,64,1,21,23
공릉동 국수거리,가전제품,1598105887,4461,16,11,13,8,13,27,13,0,5,29,35,31,0,52,49,0,5,14
공릉동 국수거리,철물점,788421978,7671,24,5,21,18,14,15,3,0,12,26,50,12,0,62,38,0,4,7
공릉동 국수거리,인테리어,159166761,2178,8,11,44,11,16,11,0,0,30,15,45,10,0,82,18,0,3,9
공릉동 국수거리,전자상거래업,956162637,1123,30,1,2,0,24,7,36,0,0,33,42,25,0,27,73,0,2,1
공릉역 2번,한식음식점,11029562942,451359,12,13,13,15,16,17,15,0,3,24,15,49,10,60,40,1,16,17
공릉역 2번,중식음식점,315482718,16105,13,14,12,14,15,17,16,0,0,42,17,40,1,64,36,2,16,17
공릉역 2번,일식음식점,253493415,9352,14,12,15,18,15,15,11,0,0,39,13,45,4,55,45,1,32,17
공릉역 2번,양식음식점,217666895,12493,14,15,14,15,17,14,12,0,5,37,18,36,4,59,41,2,23,21
공릉역 2번,제과점,999683497,110565,14,13,13,14,16,16,14,0,15,18,20,36,11,45,55,1,18,22
공릉역 2번,패스트푸드점,301731972,26543,10,14,16,15,15,15,15,0,8,29,17,41,5,51,50,2,33,18
공릉역 2번,치킨전문점,630402485,34902,12,13,14,14,16,18,14,4,0,4,9,56,28,65,35,1,19,17
공릉역 2번,분식전문점,1147699706,87418,12,12,13,16,18,17,13,0,5,23,15,45,12,54,46,1,24,22
공릉역 2번,호프-간이주점,865303770,25465,13,13,14,15,16,19,11,0,0,2,2,49,48,66,34,1,30,17
공릉역 2번,커피-음료,2068758453,255462,14,12,13,14,13,18,17,0,4,23,34,34,5,36,64,3,47,19
공릉역 2번,일반교습학원,580555724,1852,21,16,17,19,19,5,3,0,4,8,33,50,5,59,41,0,0,2
공릉역 2번,외국어학원,542616214,2068,14,18,23,16,16,12,2,1,2,14,40,40,3,48,52,0,0,17
공릉역 2번,예술학원,230615915,1560,19,19,22,16,9,9,6,0,0,14,54,31,2,19,82,0,17,14
공릉역 2번,스포츠 강습,65056859,275,29,7,23,22,18,2,0,0,12,11,24,53,1,52,48,0,14,21
공릉역 2번,일반의원,3336567929,150512,16,14,18,18,18,14,1,0,18,33,33,16,0,48,52,3,12,16
공릉역 2번,치과의원,2162309556,17363,19,23,14,18,16,11,0,0,17,33,31,19,0,50,50,0,9,10
공릉역 2번,한의원,319031843,12417,15,20,8,20,17,21,0,0,17,41,18,24,0,54,46,2,10,13
공릉역 2번,당구장,30693704,2386,8,11,16,9,15,25,15,0,0,2,20,51,27,94,6,1,13,8
공릉역 2번,골프연습장,83603012,1513,23,8,3,24,13,12,18,0,7,10,40,39,6,70,30,0,0,8
공릉역 2번,PC방,583447806,117474,13,13,10,15,13,19,18,2,10,18,29,36,5,90,10,3,69,21
공릉역 2번,스포츠클럽,11631054,50,11,32,0,13,38,7,0,0,75,7,7,12,0,45,55,0,49,13
공릉역 2번,자동차수리,408649627,3245,12,14,24,18,16,13,4,0,14,29,35,22,1,72,28,0,3,18
공릉역 2번,자동차미용,30010313,739,12,2,16,12,27,17,14,0,17,23,41,19,0,83,17,0,3,16
공릉역 2번,미용실,670653703,21833,13,9,12,15,17,22,14,0,2,25,29,41,3,45,55,1,21,22
공릉역 2번,네일숍,10326546,66,33,25,0,2,0,40,0,0,0,1,53,46,0,2,98,0,2,16
공릉역 2번,피부관리실,72584132,652,2,9,21,23,17,22,7,28,4,19,12,30,8,64,36,0,3,36
공릉역 2번,세탁소,263390281,16913,13,12,11,10,10,44,0,0,35,16,23,27,0,35,65,0,8,23
공릉역 2번,가전제품수리,271411516,5283,9,18,23,21,9,0,20,0,34,48,19,0,0,89,11,0,0,9
공릉역 2번,여관,180723464,4113,8,16,17,13,10,21,14,16,5,4,8,36,31,73,27,4,23,12
공릉역 2번,노래방,219655638,8714,15,11,13,16,10,21,15,12,0,2,9,43,35,82,18,3,21,8
공릉역 2번,슈퍼마켓,3291188888,237143,13,12,14,14,15,17,15,3,11,17,21,38,10,52,48,0,11,17
공릉역 2번,편의점,3423842293,550856,13,14,14,15,16,15,14,12,15,11,12,28,23,69,31,1,31,24
공릉역 2번,핸드폰,148699712,5082,5,4,30,42,8,6,5,0,4,54,31,11,0,40,60,0,32,4
공릉역 2번,육류판매,2043308317,53695,11,11,14,13,19,20,11,0,13,24,27,35,0,45,55,0,3,9
공릉역 2번,수산물판매,188686011,8662,9,14,9,15,15,22,16,0,10,21,30,35,4,41,59,0,7,9
공릉역 2번,청과상,669655631,38680,16,13,9,16,15,16,15,0,15,22,36,27,1,40,60,0,6,9
공릉역 2번,반찬가게,5377508106,358152,17,9,8,14,15,19,18,0,16,26,27,30,0,39,61,0,3,13
공릉역 2번,일반의류,514199036,9874,11,14,17,18,14,18,8,0,3,24,36,35,2,18,82,0,4,6
공릉역 2번,신발,38131255,1537,14,12,10,19,12,19,15,0,10,23,32,34,1,42,58,0,6,3
공릉역 2번,안경,256036716,2792,12,19,13,18,14,15,9,0,4,22,29,44,0,55,45,1,14,19
공릉역 2번,시계및귀금속,49215014,343,7,15,21,10,26,22,0,0,19,16,36,28,0,49,51,0,1,6
공릉역 2번,의약품,1993235311,184040,19,15,15,17,18,13,4,0,23,25,27,23,2,50,50,0,9,14
공릉역 2번,의료기기,115416945,439,27,10,25,24,14,0,0,0,21,43,36,0,0,57,43,0,4,0
공릉역 2번,문구,435212172,4383,17,9,36,13,12,13,0,0,10,23,29,39,0,87,13,0,3,7
공릉역 2번,화장품,7016136057,30721,14,9,15,27,15,4,16,0,27,34,20,12,7,32,68,0,3,18
공릉역 2번,섬유제품,4034188,134,0,100,0,0,0,0,0,0,0,0,100,0,0,100,0,0,0,100
공릉역 2번,화초,165580824,6484,11,16,16,19,17,14,7,0,12,28,30,30,1,44,56,0,28,17
공릉역 2번,애완동물,30616950,1764,20,8,11,14,12,18,18,0,5,28,32,35,0,47,54,0,10,14
공릉역 2번,가구,223283410,515,2,9,8,10,23,23,26,0,1,41,26,33,0,36,64,1,21,23
공릉역 2번,가전제품,1598105887,4461,16,11,13,8,13,27,13,0,5,29,35,31,0,52,49,0,5,14
공릉역 2번,철물점,181622756,7239,11,15,19,11,21,9,13,0,9,31,31,27,1,68,32,0,21,20
공릉역 2번,인테리어,356269606,5436,9,9,30,32,10,11,0,0,48,18,27,7,0,90,10,0,3,5
공릉역 2번,조명용품,7513540,592,0,0,23,44,8,0,25,0,0,28,8,64,0,38,62,0,0,9
공릉역 2번,전자상거래업,15028246,219,60,40,0,0,0,0,0,0,0,0,60,40,0,39,61,0,40,0
서울과학기술대,한식음식점,3368096335,167541,13,13,13,17,15,14,16,0,4,33,14,41,8,61,39,1,20,16
서울과학기술대,중식음식점,178531553,9310,13,11,14,14,16,17,15,0,1,40,15,41,3,56,44,4,26,17
서울과학기술대,일식음식점,166820456,5915,14,16,14,17,13,15,11,0,0,42,12,42,4,55,45,2,30,18
서울과학기술대,양식음식점,125671953,4603,12,11,12,14,18,17,17,0,0,37,22,39,2,54,46,3,29,20
서울과학기술대,제과점,515021429,55411,15,13,14,13,15,17,13,0,12,17,18,40,14,43,57,1,22,21
서울과학기술대,패스트푸드점,672896495,56702,11,13,14,16,15,15,16,0,7,34,18,35,6,53,47,3,33,22
서울과학기술대,치킨전문점,339622318,17157,11,12,11,12,18,19,16,4,0,2,8,57,29,61,39,1,22,15
서울과학기술대,분식전문점,353304187,25609,10,11,13,13,18,15,20,0,1,27,26,40,6,44,56,2,20,19
서울과학기술대,호프-간이주점,465578992,15142,12,12,13,14,18,18,13,0,0,0,1,54,45,61,39,3,53,19
서울과학기술대,커피-음료,1794027340,224937,14,12,12,14,14,18,17,1,4,21,33,34,6,37,64,3,49,18
서울과학기술대,일반교습학원,26840646,156,21,36,29,0,14,0,0,0,0,29,71,0,0,43,57,0,0,0
서울과학기술대,예술학원,165559627,1223,17,21,27,13,12,9,0,0,0,17,49,32,2,19,81,0,24,17
서울과학기술대,스포츠 강습,93022576,467,32,16,13,25,14,0,0,0,3,4,17,69,8,39,61,1,9,23
서울과학기술대,일반의원,373729860,28238,18,14,15,19,22,12,0,0,31,31,33,6,0,53,48,0,14,9
서울과학기술대,치과의원,675735853,5658,25,20,11,18,17,10,0,0,18,28,33,20,0,46,54,0,12,8
서울과학기술대,당구장,91184973,5439,13,12,14,12,13,20,16,0,4,12,17,46,22,83,17,1,12,8
서울과학기술대,PC방,151447806,32529,13,13,12,14,14,17,17,3,4,18,32,39,6,87,13,7,65,19
서울과학기술대,자동차수리,97919353,683,20,8,7,28,20,17,1,0,16,25,37,22,0,71,29,0,3,13
서울과학기술대,자동차미용,12699569,393,22,8,15,19,16,11,9,0,3,50,31,16,0,64,36,0,4,27
서울과학기술대,미용실,84647671,3441,9,12,8,9,19,20,23,0,3,27,29,40,1,43,57,0,16,17
서울과학기술대,네일숍,4749913,35,65,0,0,4,0,31,0,0,0,3,52,45,0,4,96,0,4,34
서울과학기술대,피부관리실,5626659,49,0,9,75,0,16,0,0,0,0,0,76,25,0,76,25,0,0,6
서울과학기술대,노래방,106141391,9328,9,14,11,11,12,18,25,21,0,4,17,45,13,72,28,7,40,11
서울과학기술대,슈퍼마켓,168318153,40116,12,14,10,13,22,16,13,2,9,12,9,37,32,74,26,6,28,18
서울과학기술대,편의점,1271978512,257929,14,15,15,15,16,13,12,8,14,16,14,27,20,69,31,3,36,20
서울과학기술대,핸드폰,17391392,1605,11,0,32,0,46,11,0,0,22,45,23,11,0,45,55,0,34,0
서울과학기술대,육류판매,73119112,2487,12,9,15,12,14,26,12,0,9,26,19,46,0,47,53,0,4,15
서울과학기술대,수산물판매,39811611,927,1,13,11,16,17,28,14,0,0,1,14,67,19,66,35,1,25,18
서울과학기술대,일반의류,31212712,396,8,14,31,14,32,2,0,0,0,15,24,54,8,28,72,0,18,12
서울과학기술대,안경,124305303,1368,16,15,18,19,10,12,11,0,2,22,25,50,1,57,43,1,15,15
서울과학기술대,문구,202845940,7089,21,23,17,16,11,11,1,0,4,34,34,28,0,41,59,4,19,12
서울과학기술대,화장품,44864373,1073,10,25,25,7,12,12,8,0,0,12,21,61,6,15,85,1,57,3
서울과학기술대,섬유제품,4034188,134,0,100,0,0,0,0,0,0,0,0,100,0,0,100,0,0,0,100
서울과학기술대,화초,34660246,1059,5,26,16,18,17,11,7,0,9,38,34,19,0,33,67,0,18,11
서울과학기술대,철물점,102000000,2612,9,22,22,11,8,7,22,0,0,38,36,24,2,62,38,0,12,31
서울과학기술대,인테리어,13159576,122,33,21,6,0,41,0,0,0,0,73,27,0,0,45,55,0,0,0
공릉동 국수거리,한식음식점,11588439870,361579,12,13,13,14,17,18,15,1,3,20,13,50,14,63,37,0,12,18
공릉동 국수거리,중식음식점,294851606,16165,12,16,16,15,16,14,11,1,1,45,15,36,2,70,31,1,15,20
공릉동 국수거리,일식음식점,236571907,5687,13,11,17,17,20,20,2,3,0,21,6,49,21,63,37,1,19,26
공릉동 국수거리,양식음식점,150956871,8385,16,14,11,13,16,12,18,0,1,52,15,31,1,58,42,2,18,22
공릉동 국수거리,제과점,318721024,31853,14,12,13,14,19,17,13,0,10,22,32,30,5,41,59,1,20,22
공릉동 국수거리,패스트푸드점,214003701,12595,11,10,13,13,18,19,17,0,2,21,17,51,9,56,44,1,19,17
공릉동 국수거리,치킨전문점,268438017,13410,11,11,12,14,16,21,15,8,0,5,9,48,31,64,36,1,17,18
공릉동 국수거리,분식전문점,521644216,50380,12,12,16,14,16,17,14,3,10,29,18,30,10,54,46,1,19,21
공릉동 국수거리,호프-간이주점,812760891,20221,11,13,14,15,20,18,9,16,0,3,1,26,54,64,36,1,32,15
공릉동 국수거리,커피-음료,911524153,156413,13,13,14,13,15,16,15,1,12,29,28,25,6,48,52,2,32,22
공릉동 국수거리,일반교습학원,551380408,2052,12,9,34,20,20,5,1,1,0,5,24,65,7,42,58,1,0,1
공릉동 국수거리,외국어학원,468442317,1959,16,12,28,16,18,11,0,0,8,11,31,45,5,41,60,1,0,7
공릉동 국수거리,예술학원,289036040,1227,12,17,11,11,11,31,7,1,11,13,41,34,0,39,61,0,4,23
공릉동 국수거리,스포츠 강습,206567114,686,16,29,33,13,2,7,0,0,4,5,13,60,19,19,81,0,43,35
공릉동 국수거리,일반의원,2479714420,124181,20,13,12,19,22,14,1,0,19,34,36,12,0,42,58,0,11,15
공릉동 국수거리,치과의원,1934740268,15360,21,19,12,19,22,8,0,0,10,35,28,27,0,41,60,0,6,16
공릉동 국수거리,한의원,558783550,20540,16,16,23,15,13,18,0,0,16,37,34,14,0,35,66,0,2,11
공릉동 국수거리,당구장,85813074,5120,7,9,13,8,24,18,21,6,8,1,16,48,22,79,21,1,6,14
공릉동 국수거리,골프연습장,208326977,5673,14,14,12,13,18,15,16,9,5,12,20,35,20,79,21,0,8,20
공릉동 국수거리,스포츠클럽,189703578,1131,28,9,7,15,25,15,1,0,22,22,9,40,8,47,53,1,34,22
공릉동 국수거리,자동차수리,578573269,4529,13,17,13,18,17,17,6,0,11,26,39,22,2,73,27,0,5,13
공릉동 국수거리,자동차미용,72933511,1044,18,4,18,5,7,43,7,0,9,50,31,10,0,89,11,0,5,18
공릉동 국수거리,미용실,502811072,13861,15,9,11,18,15,17,14,0,2,27,31,39,1,39,61,1,13,21
공릉동 국수거리,네일숍,31620996,486,7,5,59,3,13,13,0,0,11,3,1,81,3,3,97,0,3,4
공릉동 국수거리,피부관리실,55533135,362,1,4,0,6,78,6,5,9,9,2,53,13,15,86,14,0,6,49
공릉동 국수거리,세탁소,375957924,21928,11,15,17,6,10,40,0,0,28,20,32,20,0,33,67,0,8,20
공릉동 국수거리,가전제품수리,194203927,5640,24,33,12,14,17,0,0,0,35,43,20,2,0,80,20,0,0,42
공릉동 국수거리,여관,563564315,11664,10,11,11,12,16,23,18,30,2,4,10,28,27,78,22,4,31,21
공릉동 국수거리,고시원,33414045,87,39,0,0,0,0,30,30,0,0,0,0,70,30,39,61,0,0,0
공릉동 국수거리,노래방,254098111,2353,6,13,22,11,20,20,8,28,2,0,0,20,50,93,8,0,2,8
공릉동 국수거리,슈퍼마켓,4376761388,334224,15,14,14,14,16,15,11,3,8,17,25,38,10,45,55,0,9,15
공릉동 국수거리,편의점,3204380027,500707,14,14,14,14,17,15,13,9,17,12,13,28,20,67,33,1,24,25
공릉동 국수거리,컴퓨터및주변장치판매,129204472,1229,3,50,32,12,3,0,0,0,7,61,24,7,0,75,25,0,0,0
공릉동 국수거리,핸드폰,115293546,3816,10,5,0,9,53,19,5,0,2,11,37,49,1,78,22,0,6,27
공릉동 국수거리,육류판매,992930312,37517,13,11,10,13,22,19,13,0,13,25,32,29,1,40,60,0,4,8
공릉동 국수거리,수산물판매,133197044,7473,10,14,10,15,18,18,15,0,7,28,42,22,0,35,65,0,3,7
공릉동 국수거리,청과상,353271303,26912,13,14,14,13,18,17,11,0,12,23,33,31,1,38,62,0,7,13
공릉동 국수거리,반찬가게,1573148502,99892,10,6,7,18,12,21,25,0,20,23,31,26,0,37,63,0,3,23
공릉동 국수거리,일반의류,1081410254,21376,15,18,12,18,16,14,7,0,2,23,43,30,2,20,80,0,5,8
공릉동 국수거리,신발,48224005,1723,13,13,14,13,14,17,16,0,7,28,40,24,1,40,60,0,3,8
공릉동 국수거리,안경,237412603,2851,19,16,14,10,12,17,12,0,6,24,29,41,0,49,51,1,21,16
공릉동 국수거리,시계및귀금속,61800128,339,19,16,6,8,36,16,0,0,4,21,58,17,0,46,54,0,0,4
공릉동 국수거리,의약품,4787886717,368684,17,18,16,15,20,13,1,0,20,28,32,20,0,48,52,0,8,14
공릉동 국수거리,의료기기,1401077475,2923,19,4,3,18,55,0,0,0,19,67,14,1,0,61,39,0,0,2
공릉동 국수거리,서적,62236496,645,11,16,28,18,27,0,0,0,7,29,56,8,0,18,82,0,13,4
공릉동 국수거리,문구,672194511,2324,13,17,19,21,31,0,0,0,9,44,44,4,0,31,69,0,2,2
공릉동 국수거리,화장품,7147147015,35942,19,19,21,14,12,10,6,0,34,21,19,22,4,31,69,0,3,14
공릉동 국수거리,운동/경기용품,26745754,333,19,5,8,22,45,1,0,0,16,17,36,31,0,81,20,0,21,23
공릉동 국수거리,자전거 및 기타운송장비,126439709,1181,1,11,7,10,20,34,17,0,1,37,26,36,0,93,7,0,23,36
공릉동 국수거리,완구,11102715,476,36,19,5,14,14,12,0,0,19,44,23,14,0,100,0,0,0,0
공릉동 국수거리,섬유제품,68739855,563,7,3,3,2,3,5,76,0,0,10,19,71,0,9,91,0,0,2
공릉동 국수거리,화초,113094839,4815,10,10,14,17,16,26,8,0,8,22,34,34,2,53,47,0,33,19
공릉동 국수거리,애완동물,37770005,1747,14,12,14,17,13,19,11,0,6,35,32,27,0,37,64,0,7,9
공릉동 국수거리,가구,300534466,501,15,17,12,4,11,22,19,0,0,18,40,42,0,40,60,0,4,12
공릉동 국수거리,가전제품,934073191,3315,12,12,11,11,12,21,21,0,6,19,45,29,0,51,49,0,2,12
공릉동 국수거리,철물점,1371445895,8557,23,16,23,12,8,17,0,0,17,38,34,11,0,45,55,0,5,12
공릉동 국수거리,인테리어,113084625,2025,19,13,15,31,11,12,0,0,63,14,16,8,0,64,36,0,10,11
공릉동 국수거리,전자상거래업,315953852,491,52,15,1,18,0,6,8,0,0,20,63,18,0,25,75,0,0,20
공릉역 2번,한식음식점,12525616853,429741,11,13,14,15,18,17,14,2,4,19,12,50,15,62,38,1,16,18
공릉역 2번,중식음식점,336937645,16481,12,14,14,14,15,17,16,0,1,42,18,38,1,62,38,1,17,18
공릉역 2번,일식음식점,255587990,7795,14,13,17,16,17,15,9,0,0,36,9,48,7,55,45,2,32,16
공릉역 2번,양식음식점,228949485,12416,14,15,12,13,16,17,14,0,3,36,19,37,4,53,48,3,24,19
공릉역 2번,제과점,1095680371,109358,12,12,13,12,20,17,14,0,12,20,23,35,11,45,55,1,19,20
공릉역 2번,패스트푸드점,362969650,30450,9,14,15,15,18,15,14,0,7,28,19,42,6,54,47,2,29,17
공릉역 2번,치킨전문점,637848608,33689,10,12,13,14,17,20,15,8,0,4,8,48,32,62,38,2,23,18
공릉역 2번,분식전문점,1151122350,115300,14,13,13,14,17,16,14,1,6,33,20,33,7,52,49,1,18,20
공릉역 2번,호프-간이주점,1386897907,35753,11,12,12,14,19,20,12,17,0,2,1,30,51,62,38,2,42,17
공릉역 2번,커피-음료,1408088417,183125,13,14,13,13,15,17,15,1,5,27,28,32,7,40,60,3,46,21
공릉역 2번,일반교습학원,678988834,2250,23,14,19,11,23,8,2,1,2,4,29,57,7,50,50,0,0,4
공릉역 2번,외국어학원,403010759,1709,25,12,17,16,21,9,0,1,2,11,27,55,5,49,52,0,0,22
공릉역 2번,예술학원,252297828,1546,22,15,16,7,23,8,8,0,0,17,40,38,5,31,69,2,24,8
공릉역 2번,스포츠 강습,116282562,625,23,22,14,15,14,9,3,0,11,25,19,36,10,30,70,0,8,32
공릉역 2번,일반의원,2898266287,156685,20,20,14,15,20,9,1,0,20,28,37,15,0,44,56,0,7,19
공릉역 2번,치과의원,2170653745,16791,18,18,13,15,30,6,0,0,15,37,26,22,0,44,56,0,6,14
공릉역 2번,한의원,390387996,11944,18,16,18,12,14,22,0,0,15,38,36,12,0,39,61,0,2,10
공릉역 2번,당구장,51183760,3579,11,11,14,10,15,19,20,13,0,2,14,46,26,87,13,2,21,8
공릉역 2번,골프연습장,44241187,1512,11,6,7,8,25,24,19,4,14,18,28,28,9,89,12,0,3,11
공릉역 2번,PC방,608644626,127400,13,10,14,12,15,19,18,10,6,11,21,38,15,90,10,3,72,15
공릉역 2번,자동차수리,441241514,3695,14,16,15,17,16,16,7,0,10,27,40,21,3,75,25,0,4,14
공릉역 2번,자동차미용,39972353,920,20,7,14,9,12,26,13,0,16,37,45,2,0,74,26,0,1,22
공릉역 2번,미용실,494006723,12921,17,9,13,17,15,19,12,0,2,27,29,41,2,37,63,1,12,21
공릉역 2번,네일숍,14384512,93,18,21,3,18,9,4,27,0,0,0,54,46,0,0,100,0,0,3
공릉역 2번,피부관리실,82964571,392,1,15,5,8,52,16,3,6,6,13,44,9,22,67,33,0,4,45
공릉역 2번,세탁소,366803943,21243,11,15,18,7,10,40,0,0,28,20,32,20,0,33,67,0,10,18
공릉역 2번,가전제품수리,194203927,5640,24,33,12,14,17,0,0,0,35,43,20,2,0,80,20,0,0,42
공릉역 2번,여관,199658166,4099,10,11,10,14,15,24,17,31,1,3,8,29,28,76,24,8,27,15
공릉역 2번,노래방,426844172,15594,11,14,15,14,16,20,11,26,0,1,3,25,44,81,19,3,23,14
공릉역 2번,슈퍼마켓,2502990490,189346,14,13,14,14,16,16,15,4,10,18,23,34,11,49,51,0,11,15
공릉역 2번,편의점,3219981531,518112,14,13,13,14,16,16,14,13,15,11,12,27,23,69,31,1,32,23
공릉역 2번,컴퓨터및주변장치판매,47631252,509,9,50,0,34,7,0,0,0,20,80,0,0,0,0,100,0,0,0
공릉역 2번,핸드폰,91910583,4476,13,6,3,11,35,27,6,0,0,17,18,64,1,71,30,0,8,33
공릉역 2번,육류판매,1636577072,52030,14,11,12,17,21,17,8,0,11,25,32,32,1,40,60,0,4,13
공릉역 2번,수산물판매,254671540,11938,8,14,9,14,19,21,16,0,6,22,34,31,6,40,60,0,7,9
공릉역 2번,청과상,490058389,32748,14,14,14,14,17,17,11,0,13,23,36,27,1,35,65,0,5,11
공릉역 2번,반찬가게,5012115759,296721,22,9,10,13,14,16,15,0,24,21,32,22,0,43,57,0,2,11
공릉역 2번,일반의류,968883908,13220,14,18,12,20,16,14,6,0,2,23,48,28,1,18,82,0,7,7
공릉역 2번,신발,48224005,1723,13,13,14,13,14,17,16,0,7,28,40,24,1,40,60,0,3,8
공릉역 2번,안경,216324983,2726,18,15,18,15,16,13,7,0,3,24,30,42,1,49,51,1,21,15
공릉역 2번,시계및귀금속,73311906,368,15,13,5,10,36,20,0,0,4,21,52,23,0,40,60,0,0,9
공릉역 2번,의약품,2011363136,205731,19,15,16,15,19,12,5,0,20,27,30,22,2,51,49,0,8,16
공릉역 2번,의료기기,99706216,368,24,31,11,9,26,0,0,0,11,28,61,0,0,56,44,0,0,1
공릉역 2번,서적,7501444,459,9,7,17,11,18,16,23,5,0,18,29,32,15,26,75,2,32,26
공릉역 2번,문구,506788318,4292,11,21,25,10,32,2,0,0,8,31,56,5,0,13,87,1,3,5
공릉역 2번,화장품,7379837695,35298,18,19,21,14,13,10,6,0,33,21,19,23,4,30,70,0,4,14
공릉역 2번,완구,11102715,476,36,19,5,14,14,12,0,0,19,44,23,14,0,100,0,0,0,0
공릉역 2번,섬유제품,52444444,268,0,0,0,0,0,0,100,0,0,0,18,82,0,0,100,0,0,0
공릉역 2번,화초,182316059,6947,10,13,14,15,17,25,7,1,10,23,35,30,3,52,48,0,28,24
공릉역 2번,애완동물,34770005,1688,15,12,15,16,12,18,12,0,6,33,33,28,0,35,65,0,7,10
공릉역 2번,가구,300534466,501,15,17,12,4,11,22,19,0,0,18,40,42,0,40,60,0,4,12
공릉역 2번,가전제품,934073191,3315,12,12,11,11,12,21,21,0,6,19,45,29,0,51,49,0,2,12
공릉역 2번,철물점,155867865,6135,23,14,9,14,31,8,2,0,21,23,37,19,1,53,47,0,5,42
공릉역 2번,인테리어,301795436,5751,24,13,15,20,19,9,0,0,50,22,19,9,0,60,40,0,4,12
공릉역 2번,조명용품,3701251,370,30,0,32,0,38,0,0,0,20,32,30,18,0,48,52,0,0,0
서울과학기술대,한식음식점,3306316712,139116,12,13,17,17,15,13,12,3,9,23,8,44,14,61,39,2,27,17
서울과학기술대,중식음식점,183012724,9981,15,11,14,15,17,14,14,0,1,42,15,39,3,51,49,3,28,17
서울과학기술대,일식음식점,198856267,4515,14,18,15,16,16,16,6,0,0,29,5,52,13,58,43,1,24,21
서울과학기술대,양식음식점,146939079,4915,11,13,12,12,16,19,16,0,0,37,22,38,3,44,56,3,31,17
서울과학기술대,제과점,535066388,53117,10,12,13,12,20,18,16,0,9,20,19,39,13,46,54,2,23,20
서울과학기술대,패스트푸드점,747523979,59813,13,15,14,13,18,14,14,0,7,33,18,37,6,51,49,4,32,19
서울과학기술대,치킨전문점,337794061,16171,11,12,12,12,20,18,15,8,0,1,7,52,31,58,42,2,26,16
서울과학기술대,분식전문점,452157618,34864,11,14,14,13,16,13,20,0,1,38,21,36,4,51,49,3,24,19
서울과학기술대,호프-간이주점,680055386,19036,12,12,13,13,17,22,12,19,0,0,0,35,47,61,39,4,59,18
서울과학기술대,커피-음료,1087075760,145455,13,14,14,13,15,17,14,0,5,31,29,29,6,37,63,4,51,19
서울과학기술대,일반교습학원,78715357,386,20,29,12,5,19,7,7,0,14,18,22,36,9,26,74,0,0,16
서울과학기술대,예술학원,168388477,1128,16,17,22,7,30,8,0,0,0,18,32,42,8,36,64,2,32,9
서울과학기술대,스포츠 강습,111023531,660,17,25,15,5,36,3,0,0,4,19,22,48,7,35,65,1,4,24
서울과학기술대,일반의원,491281824,33860,19,16,16,21,17,11,0,0,26,32,38,5,0,46,54,0,8,19
서울과학기술대,치과의원,941777063,6859,19,14,14,15,29,10,0,0,33,26,29,12,0,44,57,0,5,15
서울과학기술대,당구장,109596543,5082,16,14,14,10,12,21,13,5,0,13,28,42,12,84,17,2,9,11
서울과학기술대,PC방,176644626,36982,15,13,12,11,14,18,17,12,4,11,23,35,15,86,14,8,67,18
서울과학기술대,스포츠클럽,41938333,412,37,25,3,20,15,0,0,0,31,17,25,27,0,54,46,3,14,19
서울과학기술대,자동차수리,81762252,576,9,45,15,11,7,13,1,0,9,25,45,21,0,66,34,0,5,2
서울과학기술대,자동차미용,19770785,620,20,7,18,14,19,18,4,0,4,43,45,8,0,55,45,0,4,20
서울과학기술대,미용실,49968892,1683,7,11,13,24,12,23,9,0,2,34,23,40,1,36,64,5,9,10
서울과학기술대,네일숍,1626008,15,0,24,0,0,76,0,0,0,0,0,15,85,0,0,100,0,0,24
서울과학기술대,피부관리실,7431436,14,0,0,57,43,0,0,0,0,0,0,100,0,0,100,0,0,0,0
서울과학기술대,노래방,274001664,40399,13,11,14,14,14,21,14,22,1,5,9,30,33,66,34,8,51,14
서울과학기술대,슈퍼마켓,178805442,30841,14,11,12,19,19,15,11,4,6,11,6,27,46,72,28,7,25,23
서울과학기술대,편의점,1562951073,347647,15,15,15,16,17,12,11,10,15,19,14,25,18,69,32,4,42,19
서울과학기술대,컴퓨터및주변장치판매,69215346,69,0,100,0,0,0,0,0,0,0,100,0,0,0,0,100,0,0,0
서울과학기술대,핸드폰,8026797,804,0,0,33,33,0,33,0,0,0,33,33,33,0,67,33,0,0,0
서울과학기술대,육류판매,61046871,2175,9,16,16,11,20,16,12,0,4,17,38,40,0,54,47,0,5,10
서울과학기술대,수산물판매,59105806,1188,0,10,6,14,26,27,17,0,0,0,10,65,24,56,44,0,26,19
서울과학기술대,일반의류,12107892,264,0,18,18,39,19,6,0,0,0,24,12,34,30,13,87,0,12,51
서울과학기술대,안경,121079771,1369,13,12,17,19,17,12,10,0,2,23,34,40,1,59,41,2,15,10
서울과학기술대,의약품,14811987,20,0,0,0,100,0,0,0,0,0,100,0,0,0,0,100,0,0,100
서울과학기술대,문구,202957795,8178,13,10,24,15,27,11,0,0,5,21,36,38,0,28,72,3,29,9
서울과학기술대,화장품,50164600,1152,16,19,20,16,15,11,4,0,0,10,43,47,1,12,88,0,57,3
서울과학기술대,섬유제품,52444444,268,0,0,0,0,0,0,100,0,0,0,18,82,0,0,100,0,0,0
서울과학기술대,화초,45809550,1297,7,26,10,10,13,26,9,0,15,29,42,13,1,47,53,1,11,23
서울과학기술대,철물점,60652033,262,44,0,0,5,46,5,0,0,0,24,44,31,2,39,61,0,0,64
서울과학기술대,인테리어,75307132,154,82,0,7,8,3,1,0,0,0,7,93,0,0,88,12,0,3,0
서울과학기술대,전자상거래업,183554964,1617,0,0,0,0,0,56,44,0,0,81,19,0,0,0,100,0,52,36
